{
  "Total" : {
    "transaction" : "Total",
    "sampleCount" : 509,
    "errorCount" : 0,
    "errorPct" : 0.0,
    "meanResTime" : 723.7092337917486,
    "medianResTime" : 519.0,
    "minResTime" : 474.0,
    "maxResTime" : 3687.0,
    "pct1ResTime" : 1553.0,
    "pct2ResTime" : 1568.5,
    "pct3ResTime" : 3675.9,
    "throughput" : 138.01518438177874,
    "receivedKBytesPerSec" : 46.499256456751624,
    "sentKBytesPerSec" : 15.904093512744033
  },
  "HTTP Request" : {
    "transaction" : "HTTP Request",
    "sampleCount" : 509,
    "errorCount" : 0,
    "errorPct" : 0.0,
    "meanResTime" : 723.7092337917486,
    "medianResTime" : 519.0,
    "minResTime" : 474.0,
    "maxResTime" : 3687.0,
    "pct1ResTime" : 1553.0,
    "pct2ResTime" : 1568.5,
    "pct3ResTime" : 3675.9,
    "throughput" : 138.01518438177874,
    "receivedKBytesPerSec" : 46.499256456751624,
    "sentKBytesPerSec" : 15.904093512744033
  }
}