{
  "Total" : {
    "transaction" : "Total",
    "sampleCount" : 36920,
    "errorCount" : 1,
    "errorPct" : 0.0027085592,
    "meanResTime" : 557.7779794149552,
    "medianResTime" : 509.0,
    "minResTime" : 5.0,
    "maxResTime" : 7765.0,
    "pct1ResTime" : 529.0,
    "pct2ResTime" : 541.0,
    "pct3ResTime" : 1538.0,
    "throughput" : 905.2791604344948,
    "receivedKBytesPerSec" : 305.0426092826668,
    "sentKBytesPerSec" : 104.31645270394527
  },
  "HTTP Request" : {
    "transaction" : "HTTP Request",
    "sampleCount" : 36920,
    "errorCount" : 1,
    "errorPct" : 0.0027085592,
    "meanResTime" : 557.7779794149552,
    "medianResTime" : 509.0,
    "minResTime" : 5.0,
    "maxResTime" : 7765.0,
    "pct1ResTime" : 529.0,
    "pct2ResTime" : 541.0,
    "pct3ResTime" : 1538.0,
    "throughput" : 905.2791604344948,
    "receivedKBytesPerSec" : 305.0426092826668,
    "sentKBytesPerSec" : 104.31645270394527
  }
}